data_hora,ip,pagina,idioma,resolucio,referer,durada
"2026-01-18 10:06:45","79.117.213.250","pag_principal","es-ES","384x832","","None"
"2026-01-18 09:20:15","186.179.59.184","pag_principal","en-US","800x600","","None"
"2026-01-18 00:00:40","149.57.191.112","pag_principal","en-US","1920x890","","None"
"2026-01-17 23:52:55","40.77.177.75","pag_principal","en-US","800x600","","None"
"2026-01-17 21:08:15","151.115.91.4","pag_principal","en-US","800x600","","None"
"2026-01-17 18:43:53","43.163.23.35","pag_principal","en-US","1280x1200","","None"
"2026-01-17 18:17:07","79.117.112.32","pag_principal","es-ES","1366x768","","None"
"2026-01-16 23:19:13","170.247.221.101","pag_principal","en-US","800x600","","None"
"2026-01-16 22:18:47","170.244.201.117","pag_principal","en-US","1280x1200","","None"
"2026-01-16 09:44:10","170.247.220.57","pag_principal","en-US","800x600","","None"
"2026-01-16 01:52:07","74.125.150.133","pag_principal","en-US","360x600","","None"
"2026-01-16 01:50:27","74.125.150.134","pag_principal","en-US","360x600","","None"
"2026-01-15 19:39:27","43.173.173.22","pag_principal","en-US","1280x1200","","None"
"2026-01-15 18:29:12","66.249.68.135","pag_principal","en-US","1024x1024","","None"
"2026-01-15 17:29:37","54.186.140.1","pag_principal","en-US","800x600","https://www.google.com/","None"
"2026-01-14 22:00:44","205.169.39.13","pag_principal","en-US","800x600","","None"
"2026-01-14 21:59:43","205.169.39.129","pag_principal","en-US","1024x1024","","None"
"2026-01-14 21:59:13","34.123.170.104","pag_principal","en-US","800x600","","None"
"2026-01-13 20:22:03","43.173.182.25","pag_principal","en-US","1280x1200","","None"
"2026-01-13 17:19:43","84.78.248.251","pag_principal","es-ES","430x932","https://www.google.com/","None"
"2026-01-13 14:01:37","94.131.64.8","pag_principal","en-US","800x600","","None"
"2026-01-13 07:59:01","173.252.127.61","pag_principal","en-US","2000x2000","https://www.facebook.com/","None"
"2026-01-13 07:58:58","31.13.115.114","pag_principal","en-US","2000x2000","http://m.facebook.com","None"
"2026-01-13 07:58:41","173.252.127.32","pag_principal","en-US","2000x2000","https://www.facebook.com/","None"
"2026-01-13 07:58:39","31.13.115.7","pag_principal","en-US","412x915","http://m.facebook.com","None"
"2026-01-12 20:33:24","83.46.176.170","pag_principal","es-ES","393x873","","None"
"2026-01-12 19:49:24","62.210.198.205","pag_principal","en-US","800x600","","None"
"2026-01-12 18:38:56","43.173.169.33","pag_principal","en-US","1280x1200","","None"
"2026-01-12 16:27:58","43.173.175.134","pag_principal","en-US","1280x1200","","None"
"2026-01-12 16:22:46","66.249.68.136","pag_principal","en-US","412x732","","None"
"2026-01-12 13:02:10","79.155.115.56","pag_principal","es-ES","1920x1080","https://www.google.es/","None"
"2026-01-11 03:13:13","44.220.249.135","pag_principal","en-US@posix","1280x720","","None"
"2026-01-10 22:15:28","176.83.71.14","amplia","en-GB","390x844","","None"
"2026-01-10 22:15:02","176.83.71.14","matematiques","en-GB","390x844","","None"
"2026-01-10 22:14:58","176.83.71.14","matematiques","en-GB","390x844","","None"
"2026-01-10 22:14:42","176.83.71.14","pag_principal","en-GB","390x844","","None"
"2026-01-10 17:01:56","43.173.181.13","pag_principal","en-US","1280x1200","","None"
"2026-01-10 14:51:51","54.80.69.66","pag_principal","en-US","800x600","","None"
"2026-01-09 19:01:46","43.173.172.112","pag_principal","en-US","1280x1200","","None"
"2026-01-09 14:09:40","66.249.68.132","pag_principal","en-US","412x732","","None"
"2026-01-09 14:09:22","66.249.68.132","pag_principal","en-US","412x732","","None"
"2026-01-08 22:56:47","104.28.34.155","pag_principal","es-MX","393x852","https://www.google.com/","None"
"2026-01-08 21:53:20","62.210.198.161","pag_principal","en-US","800x600","","None"
"2026-01-08 15:44:59","151.27.105.211","amplia","es-ES","1280x720","https://www.google.com/","None"
"2026-01-08 15:44:20","151.27.105.211","angles","es-ES","1280x720","https://www.google.com/","None"
"2026-01-08 15:44:17","151.27.105.211","catala","es-ES","1280x720","https://www.google.com/","None"
"2026-01-08 15:44:12","151.27.105.211","matematiques","es-ES","1280x720","https://www.google.com/","None"
"2026-01-08 15:18:31","151.27.105.211","pag_principal","es-ES","1280x720","https://www.google.com/","None"
"2026-01-08 12:02:37","79.112.12.95","contacte","ca-ES","384x854","android-app://com.google.android.googlequicksearchbox/","None"
"2026-01-08 12:02:35","79.112.12.95","pag_principal","ca-ES","384x854","android-app://com.google.android.googlequicksearchbox/","None"
"2026-01-08 12:01:43","79.112.12.95","pag_principal","ca-ES","384x854","android-app://com.google.android.googlequicksearchbox/","None"
"2026-01-08 11:59:51","79.112.12.95","apps","ca-ES","384x854","android-app://com.google.android.googlequicksearchbox/","None"
"2026-01-08 11:59:45","79.112.12.95","apps","ca-ES","384x854","android-app://com.google.android.googlequicksearchbox/","None"
"2026-01-08 11:59:38","79.112.12.95","probabilitat","ca-ES","384x854","android-app://com.google.android.googlequicksearchbox/","None"
"2026-01-08 11:59:36","79.112.12.95","estadistica","ca-ES","384x854","android-app://com.google.android.googlequicksearchbox/","None"
"2026-01-08 11:59:34","79.112.12.95","trading","ca-ES","384x854","android-app://com.google.android.googlequicksearchbox/","None"
"2026-01-08 11:59:32","79.112.12.95","python","ca-ES","384x854","android-app://com.google.android.googlequicksearchbox/","None"
"2026-01-08 11:59:29","79.112.12.95","cpp","ca-ES","384x854","android-app://com.google.android.googlequicksearchbox/","None"
"2026-01-08 11:59:27","79.112.12.95","historia","ca-ES","384x854","android-app://com.google.android.googlequicksearchbox/","None"
"2026-01-08 11:59:25","79.112.12.95","biologia","ca-ES","384x854","android-app://com.google.android.googlequicksearchbox/","None"
"2026-01-08 11:59:23","79.112.12.95","catala","ca-ES","384x854","android-app://com.google.android.googlequicksearchbox/","None"
"2026-01-08 11:59:20","79.112.12.95","castella","ca-ES","384x854","android-app://com.google.android.googlequicksearchbox/","None"
"2026-01-08 11:59:17","79.112.12.95","angles","ca-ES","384x854","android-app://com.google.android.googlequicksearchbox/","None"
"2026-01-08 11:59:14","79.112.12.95","matematiques","ca-ES","384x854","android-app://com.google.android.googlequicksearchbox/","None"
"2026-01-08 11:59:11","79.112.12.95","catala","ca-ES","384x854","android-app://com.google.android.googlequicksearchbox/","None"
"2026-01-08 11:59:03","79.112.12.95","matematiques","ca-ES","384x854","android-app://com.google.android.googlequicksearchbox/","None"
"2026-01-08 11:58:47","79.112.12.95","pag_principal","ca-ES","384x854","android-app://com.google.android.googlequicksearchbox/","None"
"2026-01-08 11:23:48","151.27.105.211","pag_principal","es-ES","1280x720","https://www.google.com/","None"
"2026-01-07 19:05:40","66.220.149.10","pag_principal","en-US","2000x2000","https://www.facebook.com/","None"
"2026-01-07 19:05:21","66.220.149.115","pag_principal","en-US","2000x2000","https://www.facebook.com/","None"
"2026-01-06 22:50:24","43.173.173.135","pag_principal","en-US","1280x1200","","None"
"2026-01-06 13:56:56","85.49.97.8","pag_principal","es-ES","402x874","","None"
"2026-01-06 12:41:36","79.154.111.165","pag_principal","es-ES","432x960","https://www.google.com/","None"
"2026-01-06 12:41:12","79.154.111.165","follow","es-ES","402x874","","None"
"2026-01-06 12:41:10","79.154.111.165","reforç","es-ES","402x874","","None"
"2026-01-06 12:41:01","79.154.111.165","contacte","es-ES","402x874","","None"
"2026-01-06 12:41:00","79.154.111.165","equip","es-ES","402x874","","None"
"2026-01-06 12:40:53","79.154.111.165","amplia","es-ES","402x874","","None"
"2026-01-06 12:39:45","79.154.111.165","pag_principal","es-ES","402x874","","None"
"2026-01-06 12:23:52","79.154.111.165","contacte","es-ES","402x874","https://www.google.com/","None"
"2026-01-06 12:23:50","79.154.111.165","equip","es-ES","402x874","https://www.google.com/","None"
"2026-01-06 12:22:59","79.154.111.165","pag_principal","es-ES","402x874","https://www.google.com/","None"
"2026-01-05 22:15:03","66.249.68.132","pag_principal","en-US","412x732","","None"
"2026-01-05 19:30:56","66.249.68.132","pag_principal","en-US","1024x1024","","None"
"2026-01-05 18:06:18","43.173.181.43","pag_principal","en-US","1280x1200","","None"
"2026-01-05 16:53:46","193.34.73.140","pag_principal","en-US","800x600","","None"
"2026-01-05 15:05:24","66.249.68.132","pag_principal","en-US","412x732","","None"
"2026-01-05 14:09:51","66.249.68.132","pag_principal","en-US","412x732","","None"
"2026-01-05 10:41:06","178.198.78.119","pag_principal","en","1920x1080","","None"
"2026-01-05 05:10:36","43.163.22.77","pag_principal","en-US","1280x1200","","None"
"2026-01-04 18:07:28","51.159.109.199","pag_principal","en-US","800x600","","None"
"2026-01-04 17:54:55","43.173.174.91","pag_principal","en-US","1280x1200","","None"
"2026-01-04 12:17:01","92.184.119.216","pag_principal","es-FR","360x780","https://www.google.com/","None"
"2026-01-04 11:50:31","79.117.89.234","pag_principal","ca-ES","378x840","","None"
"2026-01-04 03:21:01","173.252.87.18","pag_principal","en-US","2000x2000","http://m.facebook.com","None"
"2026-01-04 03:20:39","173.252.87.13","pag_principal","en-US","412x915","http://m.facebook.com","None"
"2026-01-03 17:08:00","13.218.25.124","pag_principal","en-US@posix","1280x720","","None"
"2026-01-03 11:41:07","43.173.180.21","pag_principal","en-US","1280x1200","","None"
"2026-01-02 08:24:26","66.249.68.134","pag_principal","en-US","412x732","","None"
"2026-01-02 07:08:20","65.55.210.225","pag_principal","en-US","800x600","","None"
"2026-01-01 23:16:27","79.154.33.222","pag_principal","en-GB","390x844","https://www.google.com/","None"
"2026-01-01 22:26:07","79.154.33.222","pag_principal","en-GB","390x844","https://www.google.com/","None"
"2026-01-01 22:25:30","79.154.33.222","pag_principal","en-GB","390x844","https://www.google.com/","None"
"2026-01-01 15:44:58","43.173.178.246","pag_principal","en-US","1280x1200","","None"
"2025-12-31 23:44:59","74.220.52.2","pag_principal","en-US","800x600","","None"
"2025-12-31 20:31:34","173.252.82.5","pag_principal","en-US","2000x2000","https://www.facebook.com/","None"
"2025-12-31 20:31:14","173.252.82.20","pag_principal","en-US","2000x2000","https://www.facebook.com/","None"
"2025-12-31 20:19:09","170.246.54.144","pag_principal","en-US","800x600","","None"
"2025-12-31 18:50:09","66.249.68.134","pag_principal","en-US","412x732","","None"
"2025-12-31 17:45:36","43.173.182.141","pag_principal","en-US","1280x1200","","None"
"2025-12-31 06:30:35","31.221.188.193","pag_principal","es-ES","686x1098","https://www.google.com/","None"
"2025-12-30 18:43:33","186.179.59.190","pag_principal","en-US","800x600","","None"
"2025-12-30 17:43:13","43.173.172.227","pag_principal","en-US","1280x1200","","None"
"2025-12-30 17:37:45","66.249.68.134","pag_principal","en-US","412x732","","None"
"2025-12-29 19:57:04","83.46.177.132","matematiques","es-ES","1536x864","https://www.google.com/","None"
"2025-12-29 19:56:51","83.46.177.132","pag_principal","es-ES","1536x864","https://www.google.com/","None"
"2025-12-29 16:28:11","43.173.178.203","pag_principal","en-US","1280x1200","","None"
"2025-12-28 17:27:51","43.173.174.245","pag_principal","en-US","1280x1200","","None"
"2025-12-28 15:30:24","173.252.82.26","pag_principal","en-US","2000x2000","https://www.facebook.com/","None"
"2025-12-28 15:30:04","173.252.82.4","pag_principal","en-US","2000x2000","https://www.facebook.com/","None"
"2025-12-28 08:36:37","170.247.222.73","pag_principal","en-US","800x600","","None"
"2025-12-27 17:41:11","43.173.181.46","pag_principal","en-US","1280x1200","","None"
"2025-12-26 17:54:35","43.173.177.74","pag_principal","en-US","1280x1200","","None"
"2025-12-26 06:36:56","66.249.68.135","pag_principal","en-US","412x732","","None"
"2025-12-25 13:05:16","66.220.149.29","pag_principal","en-US","2000x2000","https://www.facebook.com/","None"
"2025-12-25 13:04:58","66.220.149.27","pag_principal","en-US","2000x2000","https://www.facebook.com/","None"
"2025-12-24 16:45:04","43.173.173.65","pag_principal","en-US","1280x1200","","None"
"2025-12-24 16:09:19","66.249.68.134","pag_principal","en-US","412x732","","None"
"2025-12-23 16:26:39","43.173.182.93","pag_principal","en-US","1280x1200","","None"
"2025-12-23 15:00:02","83.45.18.246","follow","es","1280x720","https://www.google.com/","None"
"2025-12-23 14:59:02","83.45.18.246","estiu","es","1280x720","https://www.google.com/","None"
"2025-12-23 14:59:00","83.45.18.246","reforç","es","1280x720","https://www.google.com/","None"
"2025-12-23 14:58:59","83.45.18.246","intro","es","1280x720","https://www.google.com/","None"
"2025-12-23 14:58:40","83.45.18.246","contacte","es","1280x720","https://www.google.com/","None"
"2025-12-23 14:58:39","83.45.18.246","equip","es","1280x720","https://www.google.com/","None"
"2025-12-23 14:57:30","83.45.18.246","reforç","es","1280x720","https://www.google.com/","None"
"2025-12-23 14:57:28","83.45.18.246","estiu","es","1280x720","https://www.google.com/","None"
"2025-12-23 14:56:35","83.45.18.246","amplia","es","1280x720","https://www.google.com/","None"
"2025-12-23 14:56:21","83.45.18.246","pag_principal","es","1280x720","https://www.google.com/","None"
"2025-12-23 07:08:14","205.169.39.22","pag_principal","en-US","800x600","","None"
"2025-12-22 01:50:16","40.77.179.230","pag_principal","en-US","800x600","","None"
"2025-12-21 19:05:44","62.210.198.165","pag_principal","en-US","800x600","","None"
"2025-12-21 12:57:43","54.159.150.67","pag_principal","en-US@posix","1280x720","","None"
"2025-12-20 22:10:52","185.238.231.34","pag_principal","en-US","1053x592","","None"
"2025-12-20 14:58:33","43.173.180.205","pag_principal","en-US","1280x1200","","None"
"2025-12-20 09:59:28","31.13.127.3","pag_principal","en-US","2000x2000","http://m.facebook.com","None"
"2025-12-20 09:59:25","173.252.127.61","pag_principal","en-US","2000x2000","https://www.facebook.com/","None"
"2025-12-20 09:59:06","173.252.127.11","pag_principal","en-US","2000x2000","https://www.facebook.com/","None"
"2025-12-20 09:59:05","31.13.127.5","pag_principal","en-US","412x915","http://m.facebook.com","None"
"2025-12-20 09:09:04","66.249.68.134","pag_principal","en-US","412x732","","None"
"2025-12-19 12:23:07","43.173.177.145","pag_principal","en-US","1280x1200","","None"
"2025-12-18 19:30:23","66.249.68.134","pag_principal","en-US","412x732","","None"
"2025-12-18 16:04:29","43.173.179.117","pag_principal","en-US","1280x1200","","None"
"2025-12-17 15:49:18","43.173.169.211","pag_principal","en-US","1280x1200","","None"
"2025-12-16 21:51:50","173.252.87.116","pag_principal","en-US","2000x2000","https://www.facebook.com/","None"
"2025-12-16 21:51:31","173.252.87.4","pag_principal","en-US","2000x2000","https://www.facebook.com/","None"
"2025-12-16 20:42:32","173.252.127.17","pag_principal","en-US","2000x2000","https://www.facebook.com/","None"
"2025-12-16 20:42:16","173.252.127.20","pag_principal","en-US","2000x2000","https://www.facebook.com/","None"
"2025-12-16 15:48:04","43.173.176.238","pag_principal","en-US","1280x1200","","None"
"2025-12-16 02:36:00","154.38.165.41","pag_principal","en-US","1280x720","","None"
"2025-12-16 02:35:32","154.38.165.41","pag_principal","en-US","1280x720","","None"
"2025-12-15 15:52:36","202.8.41.124","pag_principal","en-US","800x600","","None"
"2025-12-15 12:10:51","43.173.169.93","pag_principal","en-US","1280x1200","","None"
"2025-12-15 08:20:43","83.50.65.230","contacte","es-ES","1920x1200","","None"
"2025-12-15 08:20:42","83.50.65.230","follow","es-ES","1920x1200","","None"
"2025-12-15 08:20:38","83.50.65.230","contacte","es-ES","1920x1200","","None"
"2025-12-15 08:20:32","83.50.65.230","amplia","es-ES","1920x1200","","None"
"2025-12-15 08:20:24","83.50.65.230","reforç","es-ES","1920x1200","","None"
"2025-12-15 08:20:05","83.50.65.230","estiu","es-ES","1920x1200","","None"
"2025-12-15 08:20:04","83.50.65.230","intro","es-ES","1920x1200","","None"
"2025-12-15 08:19:54","83.50.65.230","reforç","es-ES","1920x1200","","None"
"2025-12-15 08:19:28","83.50.65.230","equip","es-ES","1920x1200","","None"
"2025-12-15 08:19:19","83.50.65.230","pag_principal","es-ES","1920x1200","","None"
"2025-12-14 18:00:59","81.21.229.127","pag_principal","en-US","800x600","","None"
"2025-12-14 16:36:05","212.230.152.70","pag_principal","en-US","320x480","https://www.google.com/","None"
"2025-12-14 16:35:03","79.154.218.172","cpp","ru","375x812","https://www.google.com/","None"
"2025-12-14 16:34:57","79.154.218.172","matematiques","ru","375x812","https://www.google.com/","None"
"2025-12-14 16:34:50","79.154.218.172","matematiques","ru","375x812","https://www.google.com/","None"
"2025-12-14 16:34:48","212.142.160.4","pag_principal","en-US","320x568","https://www.google.com/","None"
"2025-12-14 16:34:39","79.154.218.172","pag_principal","ru","375x812","https://www.google.com/","None"
"2025-12-14 11:58:24","43.173.182.29","pag_principal","en-US","1280x1200","","None"
"2025-12-14 07:50:32","170.254.178.3","pag_principal","en-US","800x600","","None"
"2025-12-14 06:06:52","66.249.68.134","pag_principal","en-US","412x732","","None"
"2025-12-14 05:16:14","66.249.68.134","pag_principal","en-US","1024x1024","","None"
"2025-12-13 23:54:46","66.249.68.134","pag_principal","en-US","412x732","","None"
"2025-12-13 20:09:18","173.252.87.42","pag_principal","en-US","2000x2000","https://www.facebook.com/","None"
"2025-12-13 20:08:59","173.252.87.5","pag_principal","en-US","2000x2000","https://www.facebook.com/","None"
"2025-12-13 19:59:25","138.199.142.70","pag_principal","en-US","1366x768","","None"
"2025-12-13 19:50:00","168.119.215.103","pag_principal","en-US","1536x864","","None"
"2025-12-13 14:22:10","139.47.116.195","intro","ca","1280x720","https://www.google.com/","None"
"2025-12-13 14:22:03","139.47.116.195","matematiques","ca","1280x720","https://www.google.com/","None"
"2025-12-13 14:21:51","139.47.116.195","pag_principal","ca","1280x720","https://www.google.com/","None"
"2025-12-13 11:41:03","43.173.176.58","pag_principal","en-US","1280x1200","","None"
"2025-12-13 03:54:33","191.102.149.124","pag_principal","en-US","800x600","","None"
"2025-12-12 18:28:00","172.104.128.250","pag_principal","en-US","800x600","","None"
"2025-12-12 18:27:48","172.104.128.250","pag_principal","en-US","412x823","","None"
"2025-12-12 18:27:45","139.162.162.179","pag_principal","en-US","800x600","","None"
"2025-12-12 12:42:31","193.34.74.74","pag_principal","en-US","800x600","","None"
"2025-12-12 12:29:01","185.117.225.228","pag_principal","en-US","1080x1920","","None"
"2025-12-12 00:59:23","91.242.73.81","pag_principal","en-US","800x600","","None"
"2025-12-11 18:35:25","188.26.220.241","equip","es-ES","412x892","","None"
"2025-12-11 18:35:18","188.26.220.241","pag_principal","es-ES","412x892","","None"
"2025-12-10 19:40:06","62.43.100.176","pag_principal","es-ES","393x852","https://www.google.com/","None"
"2025-12-10 16:38:41","193.34.74.252","pag_principal","en-US","800x600","","None"
"2025-12-10 16:01:24","43.173.176.181","pag_principal","en-US","1280x1200","","None"
"2025-12-09 19:03:27","35.173.220.172","pag_principal","en-US","800x600","","None"
"2025-12-09 13:12:01","43.173.178.146","pag_principal","en-US","1280x1200","","None"
"2025-12-09 12:05:26","77.26.12.6","pag_principal","en-US","1920x1080","","None"
"2025-12-09 11:59:47","80.39.212.12","pag_principal","es-ES","1536x864","","None"
"2025-12-09 04:18:51","66.249.68.136","pag_principal","en-US","412x732","","None"
"2025-12-09 02:30:12","139.47.120.103","pag_principal","ca-ES","430x932","https://l.instagram.com/","None"
"2025-12-08 17:38:47","41.100.221.84","castella","fr-FR","360x760","","None"
"2025-12-08 17:38:46","41.100.221.84","angles","fr-FR","360x760","","None"
"2025-12-08 17:38:35","41.100.221.84","angles","fr-FR","360x760","","None"
"2025-12-08 17:38:17","41.100.221.84","pag_principal","fr-FR","360x760","","None"
"2025-12-08 16:14:17","186.179.59.145","pag_principal","en-US","800x600","","None"
"2025-12-08 04:39:56","40.77.179.44","pag_principal","en-US","800x600","","None"
"2025-12-07 16:08:38","43.173.181.138","pag_principal","en-US","1280x1200","","None"
"2025-12-07 14:34:19","205.169.39.87","pag_principal","en-US","1024x1024","","None"
"2025-12-07 14:23:11","205.169.39.57","pag_principal","en-US","800x600","","None"
"2025-12-07 14:13:59","104.197.69.115","pag_principal","en-US","800x600","","None"
"2025-12-07 04:05:46","91.107.198.104","pag_principal","en-US","1366x768","","None"
"2025-12-07 00:28:44","46.36.125.5","pag_principal","ru","320x568","https://www.google.com/","None"
"2025-12-06 19:15:37","173.252.127.11","pag_principal","en-US","2000x2000","https://www.facebook.com/","None"
"2025-12-06 19:15:18","173.252.127.7","pag_principal","en-US","2000x2000","https://www.facebook.com/","None"
"2025-12-06 02:24:27","69.160.160.51","pag_principal","en-US","1700x1000","","None"
"2025-12-05 16:03:08","43.173.180.238","pag_principal","en-US","1280x1200","","None"
"2025-12-05 12:30:07","186.179.59.39","pag_principal","en-US","800x600","","None"
"2025-12-05 07:34:55","66.249.68.128","pag_principal","en-US","412x732","","None"
"2025-12-04 21:51:40","62.210.90.217","pag_principal","en-US","800x600","","None"
"2025-12-04 21:41:44","51.159.102.240","pag_principal","en-US","800x600","","None"
"2025-12-04 19:58:00","23.95.23.139","pag_principal","en-US@posix","1280x720","","None"
"2025-12-03 17:58:05","43.173.175.244","pag_principal","en-US","1280x1200","","None"
"2025-12-03 02:57:28","66.249.68.136","pag_principal","en-US","1024x1024","","None"
"2025-12-03 02:57:22","66.249.68.128","pag_principal","en-US","412x732","","None"
"2025-12-03 02:20:19","66.249.68.131","pag_principal","en-US","412x732","","None"
"2025-12-02 19:49:02","31.13.127.28","pag_principal","en-US","2000x2000","http://m.facebook.com","None"
"2025-12-02 19:48:42","31.13.127.19","pag_principal","en-US","412x915","http://m.facebook.com","None"
"2025-12-02 15:57:14","43.173.181.40","pag_principal","en-US","1280x1200","","None"
"2025-12-02 07:23:00","205.169.39.249","pag_principal","en-US","1024x1024","","None"
"2025-12-02 07:22:45","34.72.176.129","pag_principal","en-US","800x600","","None"
"2025-12-01 22:23:05","51.159.106.91","follow","en-US","1280x720","","None"
"2025-12-01 22:23:04","51.159.106.91","pag_principal","en-US","1280x720","","None"
"2025-12-01 19:55:08","62.210.90.177","pag_principal","en-US","800x600","","None"
"2025-12-01 18:00:01","43.173.175.206","pag_principal","en-US","1280x1200","","None"
"2025-11-29 22:55:34","139.47.120.103","pag_principal","ca-ES","430x932","https://l.instagram.com/","None"
"2025-11-29 22:31:29","66.94.107.177","pag_principal","en-US","800x600","","None"
"2025-11-29 18:54:55","173.252.82.112","pag_principal","en-US","2000x2000","http://m.facebook.com","None"
"2025-11-29 18:54:36","173.252.82.3","pag_principal","en-US","412x915","http://m.facebook.com","None"
"2025-11-29 17:59:47","43.152.137.32","pag_principal","en-US","3840x2160","","None"
"2025-11-29 13:50:05","89.141.136.92","pag_principal","es-ES","360x802","https://www.google.com/","None"
"2025-11-29 03:09:27","79.112.55.37","pag_principal","es-ES","1920x1080","","None"
"2025-11-29 01:29:40","51.159.103.8","pag_principal","en-US","800x600","","None"
"2025-11-28 20:44:46","149.57.176.214","pag_principal","en-US","1920x890","","None"
"2025-11-28 12:41:15","40.77.177.81","pag_principal","en-US","800x600","","None"
"2025-11-27 18:03:48","66.249.68.135","pag_principal","en-US","412x732","","None"
"2025-11-27 16:04:17","43.173.177.221","pag_principal","en-US","1280x1200","","None"
"2025-11-27 14:44:56","176.80.123.135","pag_principal","es-ES","320x686","https://www.google.com/","None"
"2025-11-27 14:44:48","176.80.123.135","matematiques","es-ES","320x686","https://www.google.com/","None"
"2025-11-27 13:45:59","35.93.194.204","pag_principal","en-US","800x600","","None"
"2025-11-27 11:12:52","170.247.222.61","pag_principal","en-US","800x600","","None"
"2025-11-26 16:56:12","43.173.181.94","pag_principal","en-US","1280x1200","","None"
"2025-11-26 11:32:39","188.26.220.241","pag_principal","ca","1600x900","","None"
"2025-11-26 11:31:46","188.26.220.241","pag_principal","ca","1600x900","","None"
"2025-11-25 20:03:57","43.173.176.252","pag_principal","en-US","1280x1200","","None"
"2025-11-25 02:41:40","173.252.82.1","pag_principal","en-US","2000x2000","http://m.facebook.com","None"
"2025-11-25 02:41:24","173.252.82.9","pag_principal","en-US","412x915","http://m.facebook.com","None"
"2025-11-24 18:11:46","43.173.177.17","pag_principal","en-US","1280x1200","","None"
"2025-11-24 10:21:53","170.247.223.140","pag_principal","en-US","800x600","","None"
"2025-11-23 23:58:20","95.164.156.192","pag_principal","en-US","800x600","","None"
"2025-11-23 17:17:17","66.249.68.132","pag_principal","en-US","412x732","","None"
"2025-11-23 13:58:31","43.173.180.84","pag_principal","en-US","1280x1200","","None"
"2025-11-23 04:38:36","170.247.221.44","pag_principal","en-US","800x600","","None"
"2025-11-22 15:42:37","43.173.180.112","pag_principal","en-US","1280x1200","","None"
"2025-11-21 20:23:36","54.174.58.248","pag_principal","en-US","800x600","","None"
"2025-11-21 17:14:34","37.222.154.92","contacte","ca","1366x768","","None"
"2025-11-21 17:13:35","37.222.154.92","matematiques","ca","1366x768","","None"
"2025-11-21 17:13:35","37.222.154.92","pag_principal","ca","1366x768","","None"
"2025-11-21 15:38:06","66.220.149.51","pag_principal","en-US","2000x2000","http://m.facebook.com","None"
"2025-11-21 15:37:47","66.220.149.53","pag_principal","en-US","412x915","http://m.facebook.com","None"
"2025-11-21 15:17:58","62.36.116.149","pag_principal","es-ES","393x873","","None"
"2025-11-21 14:29:22","43.173.177.49","pag_principal","en-US","1280x1200","","None"
"2025-11-21 08:39:44","40.77.179.131","pag_principal","en-US","800x600","","None"
"2025-11-20 15:47:55","43.173.182.244","pag_principal","en-US","1280x1200","","None"
"2025-11-20 11:23:21","91.243.147.122","pag_principal","en-US","1536x864","https://www.google.com/","None"
"2025-11-20 07:37:36","170.247.221.74","pag_principal","en-US","800x600","","None"
"2025-11-20 06:31:29","40.77.179.212","pag_principal","en-US","800x600","","None"
"2025-11-20 05:38:54","66.249.68.133","pag_principal","en-US","412x732","","None"
"2025-11-20 04:23:59","66.249.68.133","pag_principal","en-US","412x732","","None"
"2025-11-19 16:09:46","149.56.150.42","pag_principal","en-US","1920x1080","","None"
"2025-11-19 07:14:20","74.125.150.134","pag_principal","en-US","360x600","","None"
"2025-11-19 03:43:09","143.137.165.111","pag_principal","en-US","800x600","","None"
"2025-11-18 13:01:21","43.173.175.17","pag_principal","en-US","1280x1200","","None"
"2025-11-18 11:56:40","173.252.127.6","pag_principal","en-US","2000x2000","http://m.facebook.com","None"
"2025-11-18 11:56:24","173.252.127.0","pag_principal","en-US","440x956","http://m.facebook.com","None"
"2025-11-18 11:22:06","94.131.64.84","pag_principal","en-US","800x600","","None"
"2025-11-18 08:23:51","188.63.6.57","pag_principal","en","1920x1080","","None"
"2025-11-18 04:34:58","74.125.150.132","pag_principal","en-US","360x600","","None"
"2025-11-18 03:43:06","44.242.164.168","pag_principal","en-US","800x600","","None"
"2025-11-17 23:46:19","149.57.191.26","pag_principal","en-US","1920x890","","None"
"2025-11-17 16:27:07","43.173.179.220","pag_principal","en-US","1280x1200","","None"
"2025-11-17 01:26:04","66.249.68.134","pag_principal","en-US","412x732","","None"
"2025-11-16 16:22:23","66.249.68.133","pag_principal","en-US","412x732","","None"
"2025-11-16 15:33:14","43.173.175.169","pag_principal","en-US","1280x1200","","None"
"2025-11-16 01:52:43","66.249.68.133","pag_principal","en-US","412x732","","None"
"2025-11-15 16:37:44","43.173.178.114","pag_principal","en-US","1280x1200","","None"
"2025-11-14 17:59:17","43.173.179.82","pag_principal","en-US","1280x1200","","None"
"2025-11-14 13:42:38","31.13.115.113","pag_principal","en-US","2000x2000","https://www.facebook.com/","None"
"2025-11-14 13:42:22","31.13.115.14","pag_principal","en-US","2000x2000","https://www.facebook.com/","None"
"2025-11-14 13:31:57","173.252.95.8","pag_principal","en-US","2000x2000","http://m.facebook.com","None"
"2025-11-14 13:31:39","173.252.95.37","pag_principal","en-US","440x956","http://m.facebook.com","None"
"2025-11-14 13:29:23","31.13.127.7","pag_principal","en-US","2000x2000","https://www.facebook.com/","None"
"2025-11-14 13:29:01","31.13.127.45","pag_principal","en-US","2000x2000","https://www.facebook.com/","None"
"2025-11-13 15:00:12","66.249.68.131","pag_principal","en-US","412x732","","None"
"2025-11-13 13:05:11","43.173.177.237","pag_principal","en-US","1280x1200","","None"
"2025-11-12 22:13:34","139.47.120.103","pag_principal","ca-ES","430x932","https://l.instagram.com/","None"
"2025-11-12 14:42:34","124.253.227.201","pag_principal","en-US","1366x768","https://www.google.com/","None"
"2025-11-12 14:42:08","124.253.227.201","intro","en-US","1366x768","","None"
"2025-11-12 14:41:03","124.253.227.201","contacte","en-US","1366x768","","None"
"2025-11-12 14:40:55","124.253.227.201","pag_principal","en-US","1366x768","","None"
"2025-11-12 14:32:05","106.217.187.123","pag_principal","en-US","1536x864","https://www.google.com/","None"
"2025-11-12 13:10:24","66.249.68.130","pag_principal","en-US","412x732","","None"
"2025-11-12 11:35:58","106.217.187.123","pag_principal","en-US","1680x1050","","None"
"2025-11-12 11:34:36","106.217.187.123","pag_principal","en-US","1536x864","","None"
"2025-11-12 05:56:12","79.116.217.211","matematiques","es-ES","393x873","","None"
"2025-11-12 05:55:39","79.116.217.211","pag_principal","es-ES","393x873","","None"
"2025-11-12 03:02:02","202.8.41.124","pag_principal","en-US","800x600","","None"
"2025-11-11 20:14:28","43.173.182.230","pag_principal","en-US","1280x1200","","None"
"2025-11-11 16:31:26","106.196.98.225","pag_principal","en-US","1536x864","https://www.google.com/","None"
"2025-11-11 15:12:39","106.196.98.225","contacte","en-US","1536x864","https://www.google.com/","None"
"2025-11-11 15:11:35","106.196.98.225","pag_principal","en-US","1536x864","https://www.google.com/","None"
"2025-11-11 14:37:34","79.117.198.232","pag_principal","es-ES","393x876","","None"
"2025-11-11 00:51:03","31.13.127.25","pag_principal","en-US","2000x2000","https://www.facebook.com/","None"
"2025-11-11 00:50:42","31.13.127.36","pag_principal","en-US","2000x2000","https://www.facebook.com/","None"
"2025-11-10 23:54:53","43.173.182.5","pag_principal","en-US","1280x1200","","None"
"2025-11-09 16:57:15","43.173.181.227","pag_principal","en-US","1280x1200","","None"
"2025-11-09 12:36:04","66.249.68.128","pag_principal","en-US","412x732","","None"
"2025-11-09 11:29:23","66.249.68.128","pag_principal","en-US","412x732","","None"
"2025-11-09 08:37:00","170.254.179.5","pag_principal","en-US","800x600","","None"
"2025-11-09 07:45:11","40.77.179.208","pag_principal","en-US","800x600","","None"
"2025-11-08 15:07:53","31.221.180.107","pag_principal","es-ES","360x800","","None"
"2025-11-08 11:53:41","43.152.150.28","pag_principal","en-US","3840x2160","","None"
"2025-11-08 10:47:33","37.223.97.41","pag_principal","es-ES","360x800","","None"
"2025-11-07 22:07:16","54.157.162.240","pag_principal","en-US","800x600","","None"
"2025-11-07 21:05:37","185.49.170.196","pag_principal","en-US","320x480","https://www.google.com/","None"
"2025-11-07 21:05:29","176.83.32.146","matematiques","es-ES","360x803","","None"
"2025-11-07 21:05:23","176.83.32.146","pag_principal","es-ES","360x803","","None"
"2025-11-07 17:52:06","186.179.59.98","pag_principal","en-US","800x600","","None"
"2025-11-07 14:30:47","79.117.81.201","pag_principal","es-ES","384x824","","None"
"2025-11-07 12:31:21","173.252.127.16","pag_principal","en-US","2000x2000","http://m.facebook.com","None"
"2025-11-07 12:31:00","173.252.127.15","pag_principal","en-US","412x915","http://m.facebook.com","None"
"2025-11-07 12:05:19","188.63.6.57","amplia","en","1920x1080","https://nescolam.com/en","None"
"2025-11-07 12:04:47","188.63.6.57","estadistica","en","1920x1080","https://nescolam.com/en","None"
"2025-11-07 12:04:45","188.63.6.57","trading","en","1920x1080","https://nescolam.com/en","None"
"2025-11-07 12:04:42","188.63.6.57","python","en","1920x1080","https://nescolam.com/en","None"
"2025-11-07 12:04:38","188.63.6.57","apps","en","1920x1080","https://nescolam.com/en","None"
"2025-11-07 12:04:33","188.63.6.57","pag_principal","en","1920x1080","https://nescolam.com/en","None"
"2025-11-07 12:04:30","188.63.6.57","enllac_extern","en","1920x1080","","None"
"2025-11-07 12:04:17","188.63.6.57","pag_principal","en","1920x1080","","None"
"2025-11-07 11:40:30","43.173.179.198","pag_principal","en-US","1280x1200","","None"
"2025-11-06 21:29:58","191.102.149.101","pag_principal","en-US","800x600","","None"
"2025-11-06 18:18:45","79.154.195.55","pag_principal","es-ES","384x824","","None"
"2025-11-06 16:03:32","43.173.181.252","pag_principal","en-US","1280x1200","","None"
"2025-11-06 13:31:06","79.154.195.55","pag_principal","es-ES","384x824","","None"
"2025-11-05 19:40:00","170.254.179.4","pag_principal","en-US","800x600","","None"
"2025-11-05 18:54:46","46.6.219.1","reforç","es-ES","393x873","","None"
"2025-11-05 18:54:32","46.6.219.1","matematiques","es-ES","393x873","","None"
"2025-11-05 18:54:29","46.6.219.1","pag_principal","es-ES","393x873","","None"
"2025-11-05 18:54:12","46.6.219.1","pag_principal","es-ES","393x873","","None"
"2025-11-05 18:52:51","46.6.219.1","matematiques","es-ES","393x873","","None"
"2025-11-05 18:52:46","46.6.219.1","matematiques","es-ES","393x873","","None"
"2025-11-05 18:52:36","46.6.219.1","pag_principal","es-ES","393x873","","None"
"2025-11-05 13:18:16","43.173.178.188","pag_principal","en-US","1280x1200","","None"
"2025-11-05 02:14:11","66.249.68.131","pag_principal","en-US","412x732","","None"
"2025-11-04 21:43:00","31.4.229.66","pag_principal","es-ES","360x880","","None"
"2025-11-04 15:07:18","43.173.178.235","pag_principal","en-US","1280x1200","","None"
"2025-11-03 22:26:09","185.117.225.123","pag_principal","en-US","1080x1920","","None"
"2025-11-03 01:25:47","65.55.210.186","pag_principal","en-US","800x600","","None"
"2025-11-02 20:56:37","66.249.68.128","pag_principal","en-US","412x732","","None"
"2025-11-02 16:07:49","43.173.181.159","pag_principal","en-US","1280x1200","","None"
"2025-11-02 00:15:25","170.231.251.104","pag_principal","en-US","800x600","","None"
"2025-11-01 15:29:49","43.173.182.36","pag_principal","en-US","1280x1200","","None"
"2025-10-31 20:51:34","31.13.115.115","pag_principal","en-US","2000x2000","http://m.facebook.com","None"
"2025-10-31 20:51:14","31.13.115.112","pag_principal","en-US","412x915","http://m.facebook.com","None"
"2025-10-31 20:16:31","173.252.95.116","pag_principal","en-US","2000x2000","https://www.facebook.com/","None"
"2025-10-31 20:16:16","173.252.95.17","pag_principal","en-US","2000x2000","https://www.facebook.com/","None"
"2025-10-31 11:46:18","43.166.168.245","pag_principal","en-US","1280x1200","","None"
"2025-10-31 05:33:49","66.249.68.128","pag_principal","en-US","412x732","","None"
"2025-10-31 02:17:22","35.93.98.100","pag_principal","en-US","800x600","","None"
"2025-10-31 00:32:44","44.202.39.252","pag_principal","en-US","800x600","","None"
"2025-10-30 13:59:56","43.173.175.132","pag_principal","en-US","1280x1200","","None"
"2025-10-30 12:51:20","195.254.149.226","matematiques","es-ES","1536x864","https://www.google.com/","None"
"2025-10-30 12:51:16","195.254.149.226","pag_principal","es-ES","1536x864","https://www.google.com/","None"
"2025-10-29 16:30:54","79.117.174.165","equip","ca","1600x900","https://nescolam.com/en","None"
"2025-10-29 16:30:46","79.117.174.165","pag_principal","ca","1600x900","https://nescolam.com/en","None"
"2025-10-29 16:30:44","79.117.174.165","enllac_extern","ca","1600x900","https://nescolam.com/es","None"
"2025-10-29 16:30:26","79.117.174.165","pag_principal","ca","1600x900","https://nescolam.com/es","None"
"2025-10-29 16:30:25","79.117.174.165","enllac_extern","ca","1600x900","https://nescolam.com/ca","None"
"2025-10-29 16:30:13","79.117.174.165","pag_principal","ca","1600x900","https://nescolam.com/ca","None"
"2025-10-29 16:30:11","79.117.174.165","enllac_extern","ca","1600x900","","None"
"2025-10-29 16:29:40","79.117.174.165","pag_principal","ca","1600x900","","None"
"2025-10-28 17:26:58","79.152.43.217","pag_principal","es-ES","1366x768","https://www.google.com/","None"
"2025-10-28 13:57:59","79.116.189.76","pag_principal","es-ES","1920x1080","","None"
"2025-10-28 13:47:29","79.116.189.76","pag_principal","es-ES","1920x1080","","None"
"2025-10-28 11:48:03","66.249.68.129","pag_principal","en-US","412x732","","None"
"2025-10-28 08:58:54","69.171.251.5","pag_principal","en-US","2000x2000","http://m.facebook.com","None"
"2025-10-28 08:58:36","69.171.251.4","pag_principal","en-US","412x915","http://m.facebook.com","None"
"2025-10-28 07:41:13","43.173.175.251","pag_principal","en-US","1280x1200","","None"
"2025-10-27 17:07:53","43.173.178.252","pag_principal","en-US","1280x1200","","None"
"2025-10-27 15:36:29","79.116.148.206","catala","es-ES","407x904","","None"
"2025-10-27 15:36:18","79.116.148.206","pag_principal","es-ES","407x904","","None"
"2025-10-27 13:14:34","92.184.108.50","pag_principal","es-FR","360x780","","None"
"2025-10-27 08:02:22","43.173.180.147","pag_principal","en-US","1280x1200","","None"
"2025-10-26 20:08:02","79.153.134.111","pag_principal","es-ES","390x844","https://www.linkedin.com/","None"
"2025-10-26 20:07:55","79.153.134.111","pag_principal","es-ES","390x844","https://www.linkedin.com/","None"
"2025-10-26 16:07:22","43.173.177.209","pag_principal","en-US","1280x1200","","None"
"2025-10-26 12:14:10","83.51.7.243","pag_principal","ca","384x854","","None"
"2025-10-26 07:59:30","43.173.178.16","pag_principal","en-US","1280x1200","","None"
"2025-10-25 22:37:57","74.125.150.128","pag_principal","en-US","360x600","","None"
"2025-10-25 09:56:35","51.159.102.241","pag_principal","en-US","800x600","","None"
"2025-10-25 09:35:49","18.117.177.242","pag_principal","en-US","1366x768","","None"
"2025-10-25 08:00:06","43.173.174.80","pag_principal","en-US","1280x1200","","None"
"2025-10-24 21:49:03","51.159.106.90","pag_principal","en-US","1280x720","","None"
"2025-10-24 17:43:45","66.249.68.129","pag_principal","en-US","412x732","","None"
"2025-10-24 13:17:28","43.173.180.215","pag_principal","en-US","1280x1200","","None"
"2025-10-24 08:08:18","79.117.222.143","pag_principal","es-ES","1600x900","https://qkio8dq9m2.execute-api.eu-west-1.amazonaws.com/","None"
"2025-10-24 08:00:16","43.173.177.229","pag_principal","en-US","1280x1200","","None"
"2025-10-24 01:34:15","205.169.39.8","pag_principal","en-US","800x600","","None"
"2025-10-23 19:29:19","31.13.127.47","pag_principal","en-US","2000x2000","https://www.facebook.com/","None"
"2025-10-23 19:28:58","31.13.127.54","pag_principal","en-US","2000x2000","https://www.facebook.com/","None"
"2025-10-23 17:21:56","138.99.38.83","pag_principal","en-US@posix","1280x720","","None"
"2025-10-23 14:12:38","84.79.206.223","pag_principal","es-ES","810x1080","https://www.google.com/","None"
"2025-10-23 14:12:12","84.79.206.223","pag_principal","es-ES","810x1080","https://www.google.com/","None"
"2025-10-23 14:11:05","84.79.206.223","catala","es-ES","810x1080","https://www.google.com/","None"
"2025-10-23 14:10:57","84.79.206.223","pag_principal","es-ES","810x1080","https://www.google.com/","None"
"2025-10-23 12:08:46","66.249.68.128","pag_principal","en-US","412x732","","None"
"2025-10-23 10:40:50","79.153.239.95","pag_principal","en-GB","1920x1080","https://www.google.com/","None"
"2025-10-23 10:36:47","79.153.239.95","probabilitat","en-GB","1920x1080","","None"
"2025-10-23 10:36:44","79.153.239.95","estadistica","en-GB","1920x1080","","None"
"2025-10-23 10:36:40","79.153.239.95","trading","en-GB","1920x1080","","None"
"2025-10-23 10:36:37","79.153.239.95","python","en-GB","1920x1080","","None"
"2025-10-23 10:36:33","79.153.239.95","matematiques","en-GB","1920x1080","","None"
"2025-10-23 10:36:09","79.153.239.95","pag_principal","en-GB","1920x1080","","None"
"2025-10-23 10:35:11","79.153.239.95","reforç","en-GB","1920x1080","https://www.linkedin.com/","None"
"2025-10-23 10:35:05","79.153.239.95","contacte","en-GB","1920x1080","https://www.linkedin.com/","None"
"2025-10-23 10:34:18","79.153.239.95","pag_principal","en-GB","1920x1080","https://www.linkedin.com/","None"
"2025-10-22 20:25:46","83.50.141.182","equip","es-ES","1920x1080","","None"
"2025-10-22 20:25:34","83.50.141.182","pag_principal","es-ES","1920x1080","","None"
"2025-10-22 15:06:46","79.154.100.31","trading","es-ES","428x926","https://www.google.com/","None"
"2025-10-22 15:06:41","79.154.100.31","pag_principal","es-ES","428x926","https://www.google.com/","None"
"2025-10-22 13:43:47","43.173.173.156","pag_principal","en-US","1280x1200","","None"
"2025-10-22 01:02:09","151.115.89.143","pag_principal","en-US","800x600","","None"
"2025-10-21 22:50:13","74.125.150.130","pag_principal","en-US","360x600","","None"
"2025-10-21 19:15:20","43.173.179.143","pag_principal","en-US","1280x1200","","None"
"2025-10-21 18:37:09","77.231.57.61","contacte","es-ES","390x844","","None"
"2025-10-21 18:17:23","31.4.226.180","contacte","es-ES","390x844","","None"
"2025-10-21 18:17:08","31.4.226.180","matematiques","es-ES","390x844","","None"
"2025-10-21 18:17:05","31.4.226.180","pag_principal","es-ES","390x844","","None"
"2025-10-21 16:39:21","79.117.174.58","matematiques","en-AU","390x844","https://www.google.com/","None"
"2025-10-21 16:39:21","79.117.174.58","pag_principal","en-AU","390x844","https://www.google.com/","None"
"2025-10-21 14:28:16","45.86.18.112","pag_principal","en-US","800x600","","None"
"2025-10-21 05:25:57","40.77.179.126","pag_principal","en-US","800x600","","None"
"2025-10-20 23:46:54","79.117.35.40","pag_principal","es-ES","1920x1080","","None"
"2025-10-20 23:45:22","79.117.35.40","cpp","es-ES","1920x1080","https://nescolam.com/es","None"
"2025-10-20 23:45:19","79.117.35.40","python","es-ES","1920x1080","https://nescolam.com/es","None"
"2025-10-20 23:45:13","79.117.35.40","apps","es-ES","1920x1080","https://nescolam.com/es","None"
"2025-10-20 23:45:10","79.117.35.40","trading","es-ES","1920x1080","https://nescolam.com/es","None"
"2025-10-20 23:45:03","79.117.35.40","pag_principal","es-ES","1920x1080","https://nescolam.com/es","None"
"2025-10-20 23:45:01","79.117.35.40","enllac_extern","es-ES","1920x1080","","None"
"2025-10-20 23:44:51","79.117.35.40","pag_principal","es-ES","1920x1080","","None"
"2025-10-20 18:45:17","79.117.213.212","amplia","es","1920x1080","https://www.bing.com/","None"
"2025-10-20 18:44:07","79.117.213.212","pag_principal","es","1920x1080","https://www.bing.com/","None"
"2025-10-20 18:42:49","79.117.213.212","matematiques","es","1920x1080","","None"
"2025-10-20 18:42:46","79.117.213.212","intro","es","1920x1080","","None"
"2025-10-20 18:42:44","79.117.213.212","contacte","es","1920x1080","","None"
"2025-10-20 18:42:35","79.117.213.212","amplia","es","1920x1080","","None"
"2025-10-20 18:42:31","79.117.213.212","intro","es","1920x1080","","None"
"2025-10-20 18:42:14","79.117.213.212","pag_principal","es","1920x1080","","None"
"2025-10-20 18:37:50","79.117.213.212","matematiques","es","1920x1080","https://nescolam.com/ca","None"
"2025-10-20 18:37:46","79.117.213.212","castella","es","1920x1080","https://nescolam.com/ca","None"
"2025-10-20 18:37:43","79.117.213.212","enllac_extern","es","1920x1080","","None"
"2025-10-20 18:37:43","79.117.213.212","pag_principal","es","1920x1080","https://nescolam.com/ca","None"
"2025-10-20 18:36:28","79.117.213.212","historia","es","1920x1080","","None"
"2025-10-20 18:36:25","79.117.213.212","probabilitat","es","1920x1080","","None"
"2025-10-20 18:35:52","79.117.213.212","trading","es","1920x1080","","None"
"2025-10-20 18:35:36","79.117.213.212","reforç","es","1920x1080","","None"
"2025-10-20 18:35:35","79.117.213.212","estiu","es","1920x1080","","None"
"2025-10-20 18:33:31","79.117.213.212","contacte","es","1920x1080","","None"
"2025-10-20 18:33:26","79.117.213.212","matematiques","es","1920x1080","","None"
"2025-10-20 18:33:24","79.117.213.212","pag_principal","es","1920x1080","","None"
"2025-10-20 18:27:15","79.117.213.212","pag_principal","es-ES","393x876","https://www.google.com/","None"
"2025-10-20 18:26:56","79.117.213.212","pag_principal","es-ES","393x876","","None"
"2025-10-20 18:24:04","79.117.213.212","pag_principal","es-ES","393x876","","None"
"2025-10-20 18:23:27","79.117.213.212","pag_principal","es-ES","393x876","","None"
"2025-10-20 17:17:35","43.173.177.112","pag_principal","en-US","1280x1200","","None"
"2025-10-20 11:53:36","79.153.35.62","pag_principal","es-ES","1920x1200","https://www.google.com/","None"
"2025-10-19 23:58:59","31.13.127.27","pag_principal","en-US","2000x2000","http://m.facebook.com","None"
"2025-10-19 23:58:39","31.13.127.4","pag_principal","en-US","440x956","http://m.facebook.com","None"
"2025-10-19 12:00:57","43.173.181.89","pag_principal","en-US","1280x1200","","None"
"2025-10-19 11:09:04","95.164.232.126","pag_principal","en-US","800x600","","None"
"2025-10-19 11:08:55","193.34.73.170","pag_principal","en-US","800x600","","None"
"2025-10-19 06:35:46","84.232.140.30","pag_principal","en-US","375x812","https://l.instagram.com/","None"
"2025-10-18 13:08:25","43.173.174.95","pag_principal","en-US","1280x1200","","None"
"2025-10-17 17:28:16","34.118.108.194","pag_principal","en-US","800x600","","None"
"2025-10-17 17:27:23","34.72.176.129","pag_principal","en-US","800x600","","None"
"2025-10-17 17:27:21","205.169.39.53","pag_principal","en-US","800x600","","None"
"2025-10-17 13:25:14","79.117.100.80","pag_principal","ca","1600x900","","None"
"2025-10-17 13:21:49","85.55.252.88","pag_principal","es-ES","375x812","https://www.google.com/","None"
"2025-10-17 13:20:30","85.55.252.88","pag_principal","es-ES","375x812","https://www.google.com/","None"
"2025-10-17 12:03:44","90.160.195.6","pag_principal","en-US","1920x1080","https://www.google.com/","None"
"2025-10-17 12:03:34","37.29.157.109","pag_principal","es-ES","1536x864","https://www.google.com/","None"
"2025-10-17 09:46:27","66.249.88.233","pag_principal","en-US","1024x768","","None"
"2025-10-17 09:46:07","66.249.88.233","pag_principal","en-US","1024x768","","None"
"2025-10-16 22:19:33","173.252.127.112","pag_principal","en-US","2000x2000","http://m.facebook.com","None"
"2025-10-16 22:19:13","173.252.127.1","pag_principal","en-US","412x915","http://m.facebook.com","None"
"2025-10-13 13:13:49","66.249.66.4","pag_principal","en-US","1024x1024","","None"
"2025-10-13 10:26:51","79.154.40.8","contacte","ca-ES","768x1024","","None"
"2025-10-13 10:25:52","79.154.40.8","pag_principal","ca-ES","768x1024","","None"
"2025-10-13 04:28:20","45.86.16.205","pag_principal","en-US","800x600","","None"
"2025-10-12 21:17:17","202.8.41.171","pag_principal","en-US","800x600","","None"
"2025-10-12 06:18:54","44.204.159.243","pag_principal","en-US@posix","1280x720","","None"
"2025-10-11 17:45:07","62.210.90.181","pag_principal","en-US","800x600","","None"
"2025-10-11 16:25:38","173.252.95.112","pag_principal","en-US","2000x2000","http://m.facebook.com","None"
"2025-10-11 16:25:17","173.252.95.42","pag_principal","en-US","412x915","http://m.facebook.com","None"
"2025-10-11 14:37:54","65.55.210.109","pag_principal","en-US","800x600","","None"
"2025-10-11 12:55:41","66.249.66.4","pag_principal","en-US","1024x1024","","None"
"2025-10-10 20:31:12","79.153.86.23","matematiques","ca","393x786","","None"
"2025-10-10 20:31:01","79.153.86.23","pag_principal","ca","393x786","","None"
"2025-10-09 23:29:54","185.117.225.220","pag_principal","en-US","1080x1920","","None"
"2025-10-09 08:20:31","176.84.179.246","intro","de-AT","1440x900","","None"
"2025-10-09 08:20:28","176.84.179.246","reforç","de-AT","1440x900","","None"
"2025-10-09 08:19:33","176.84.179.246","pag_principal","de-AT","1440x900","","None"
"2025-10-08 11:35:37","37.29.165.36","pag_principal","es-ES","393x873","","None"
"2025-10-08 07:28:46","176.191.196.242","contacte","fr","407x904","android-app://com.linkedin.android/","None"
"2025-10-08 07:28:05","176.191.196.242","amplia","fr","407x904","android-app://com.linkedin.android/","None"
"2025-10-08 07:27:52","176.191.196.242","estiu","fr","407x904","android-app://com.linkedin.android/","None"
"2025-10-08 07:27:50","176.191.196.242","reforç","fr","407x904","android-app://com.linkedin.android/","None"
"2025-10-08 07:27:49","176.191.196.242","intro","fr","407x904","android-app://com.linkedin.android/","None"
"2025-10-08 07:25:09","176.191.196.242","pag_principal","fr","407x904","android-app://com.linkedin.android/","None"
"2025-10-08 06:23:11","66.249.66.202","pag_principal","en-US","412x732","","None"
"2025-10-07 18:16:47","37.29.150.173","pag_principal","es-ES","393x873","","None"
"2025-10-07 14:13:53","85.62.4.74","matematiques","ca-ES","1920x1080","https://www.google.com/","None"
"2025-10-07 14:13:47","85.62.4.74","pag_principal","ca-ES","1920x1080","https://www.google.com/","None"
"2025-10-07 09:43:06","79.117.201.194","contacte","es-ES","1680x1050","https://www.google.com/","None"
"2025-10-07 09:43:05","79.117.201.194","pag_principal","es-ES","1680x1050","https://www.google.com/","None"
"2025-10-07 08:04:31","173.252.127.0","pag_principal","en-US","2000x2000","https://www.facebook.com/","None"
"2025-10-07 08:04:09","173.252.127.6","pag_principal","en-US","2000x2000","https://www.facebook.com/","None"
"2025-10-07 03:21:38","93.117.95.147","estiu","es-ES","384x857","https://www.google.com/","None"
"2025-10-07 03:21:37","93.117.95.147","reforç","es-ES","384x857","https://www.google.com/","None"
"2025-10-07 03:21:35","93.117.95.147","intro","es-ES","384x857","https://www.google.com/","None"
"2025-10-07 03:21:27","93.117.95.147","matematiques","es-ES","384x857","https://www.google.com/","None"
"2025-10-07 03:21:24","93.117.95.147","matematiques","es-ES","384x857","https://www.google.com/","None"
"2025-10-07 03:19:37","93.117.95.147","pag_principal","es-ES","384x857","https://www.google.com/","None"
"2025-10-06 16:47:44","40.77.179.200","pag_principal","en-US","800x600","","None"
"2025-10-06 02:26:30","146.112.163.36","pag_principal","en-US","1920x1080","","None"
"2025-10-05 16:05:17","40.77.177.172","pag_principal","en-US","800x600","","None"
"2025-10-05 15:57:36","23.27.145.48","pag_principal","en-US@posix","1600x1200","","None"
"2025-10-04 21:23:59","185.219.57.4","pag_principal","ca-ES","1440x900","https://www.google.com/","None"
"2025-10-04 17:47:57","35.88.59.140","pag_principal","en-US","320x658","","None"
"2025-10-04 17:47:49","35.88.59.140","pag_principal","en-US","800x600","","None"
"2025-10-04 02:41:46","66.249.66.8","pag_principal","en-US","412x732","","None"
"2025-10-04 01:39:50","31.13.127.3","pag_principal","en-US","2000x2000","https://www.facebook.com/","None"
"2025-10-04 01:39:26","31.13.127.2","pag_principal","en-US","2000x2000","https://www.facebook.com/","None"
"2025-10-03 12:37:30","66.249.66.7","pag_principal","en-US","412x732","","None"
"2025-10-03 05:16:40","66.249.66.162","pag_principal","en-US","412x732","","None"
"2025-10-03 05:07:38","66.249.66.161","pag_principal","en-US","412x732","","None"
"2025-10-03 01:56:21","205.169.39.53","pag_principal","en-US","800x600","","None"
"2025-10-03 01:55:54","205.169.39.145","pag_principal","en-US","1024x1024","","None"
"2025-10-03 01:55:40","104.197.69.115","pag_principal","en-US","800x600","","None"
"2025-10-02 23:30:27","52.55.195.236","pag_principal","en-US","800x600","","None"
"2025-10-02 22:27:47","79.117.174.94","pag_principal","ca","1600x900","","None"
"2025-10-01 13:36:54","83.45.76.171","pag_principal","es-ES","1440x960","https://www.google.com/","None"
"2025-10-01 04:21:30","151.115.89.138","pag_principal","en-US","800x600","","None"
"2025-09-30 17:50:40","173.252.127.15","pag_principal","en-US","2000x2000","https://www.facebook.com/","None"
"2025-09-30 01:58:53","66.249.92.35","pag_principal","en-US","360x600","","None"
"2025-09-29 21:20:25","79.153.242.145","pag_principal","es-ES","384x857","","None"
"2025-09-29 21:10:06","79.153.242.145","pag_principal","es-ES","384x857","","None"
"2025-09-29 17:08:09","66.249.66.7","pag_principal","en-US","412x732","","None"
"2025-09-28 19:34:34","149.57.191.94","pag_principal","en-US","1920x890","","None"
"2025-09-28 18:49:59","66.249.66.11","pag_principal","en-US","412x732","","None"
"2025-09-28 09:09:39","87.212.77.95","contacte","nl-NL","360x780","https://www.google.com/","None"
"2025-09-28 09:09:30","87.212.77.95","pag_principal","nl-NL","360x780","https://www.google.com/","None"
"2025-09-28 05:40:04","51.159.105.45","follow","en-US","1280x720","","None"
"2025-09-28 05:40:03","51.159.105.45","pag_principal","en-US","1280x720","","None"
"2025-09-27 14:25:04","173.252.87.116","pag_principal","en-US","2000x2000","https://www.facebook.com/","None"
"2025-09-27 14:24:44","173.252.87.1","pag_principal","en-US","2000x2000","https://www.facebook.com/","None"
"2025-09-26 18:40:46","66.249.66.12","pag_principal","en-US","412x732","","None"
"2025-09-26 12:03:09","79.153.242.145","contacte","es-ES","384x857","","None"
"2025-09-26 12:03:07","79.153.242.145","equip","es-ES","384x857","","None"
"2025-09-26 12:03:02","79.153.242.145","intro","es-ES","384x857","","None"
"2025-09-26 12:02:58","79.153.242.145","amplia","es-ES","384x857","","None"
"2025-09-26 12:02:55","79.153.242.145","reforç","es-ES","384x857","","None"
"2025-09-26 11:58:10","79.153.242.145","pag_principal","es-ES","384x857","","None"
"2025-09-26 06:58:47","128.140.121.101","pag_principal","en-US","1366x768","","None"
"2025-09-26 02:52:11","159.100.17.78","pag_principal","en-US@posix","1280x720","","None"
"2025-09-25 18:33:29","185.117.225.254","pag_principal","en-US","1080x1920","","None"
"2025-09-25 17:34:40","66.249.66.11","pag_principal","en-US","412x732","","None"
"2025-09-25 11:12:51","92.59.10.126","pag_principal","es-ES","1536x864","https://www.google.com/","None"
"2025-09-24 17:27:42","43.173.178.165","pag_principal","en-US","1280x1200","","None"
"2025-09-24 16:16:02","49.13.221.178","pag_principal","en-US","1470x956","","None"
"2025-09-23 21:48:46","34.31.177.242","pag_principal","en-US","800x600","","None"
"2025-09-23 20:22:05","66.249.77.74","pag_principal","en-US","412x732","","None"
"2025-09-22 16:11:43","62.36.118.11","pag_principal","es-ES","360x780","https://www.google.com/","None"
"2025-09-22 12:21:12","92.59.207.239","equip","en-US","1536x864","https://www.google.com/","None"
"2025-09-22 00:26:21","66.249.92.11","pag_principal","en-US","360x600","","None"
"2025-09-21 19:39:44","173.252.127.22","pag_principal","en-US","2000x2000","https://www.facebook.com/","None"
"2025-09-21 19:39:18","173.252.127.23","pag_principal","en-US","2000x2000","https://www.facebook.com/","None"
"2025-09-21 19:27:43","149.57.176.206","pag_principal","en-US","1920x890","","None"
"2025-09-20 07:57:20","111.92.116.123","pag_principal","en-US","1280x720","https://www.youtube.com/","None"
"2025-09-19 08:04:40","66.249.73.103","pag_principal","en-US","412x732","","None"
"2025-09-18 09:02:08","107.173.224.41","pag_principal","en-US@posix","1280x720","","None"
"2025-09-18 07:25:46","69.171.251.8","pag_principal","en-US","2000x2000","https://www.facebook.com/","None"
"2025-09-18 07:25:20","69.171.251.8","pag_principal","en-US","2000x2000","https://www.facebook.com/","None"
"2025-09-18 05:00:19","181.177.123.90","pag_principal","en-US@posix","1280x720","","None"
"2025-09-17 17:40:35","149.57.191.236","pag_principal","en-US","1920x890","","None"
"2025-09-17 15:55:37","104.28.88.129","enllac_extern","en-GB","390x844","","None"
"2025-09-17 15:45:37","104.28.88.128","reforç","en-GB","390x844","","None"
"2025-09-16 23:33:58","3.84.134.188","pag_principal","en-US","800x600","","None"
"2025-09-16 22:43:17","46.36.125.196","pag_principal","ru","360x800","https://www.google.com/","None"
"2025-09-15 20:23:55","37.29.189.168","pag_principal","es-ES","377x831","android-app://com.google.android.googlequicksearchbox/","None"
"2025-09-15 20:23:42","37.29.189.168","matematiques","es","377x831","android-app://com.google.android.googlequicksearchbox/","None"
"2025-09-15 20:23:36","37.29.189.168","catala","es","377x831","android-app://com.google.android.googlequicksearchbox/","None"
"2025-09-15 20:23:34","37.29.189.168","intro","es","377x831","android-app://com.google.android.googlequicksearchbox/","None"
"2025-09-15 20:22:52","37.29.189.168","reforç","es","377x831","android-app://com.google.android.googlequicksearchbox/","None"
"2025-09-15 10:36:34","37.29.189.168","pag_principal","es-ES","377x831","","None"
"2025-09-14 18:37:19","66.249.66.40","pag_principal","en-US","412x732","","None"
"2025-09-14 07:57:16","83.173.131.128","pag_principal","es-ES","320x693","","None"
"2025-09-14 07:42:04","83.173.131.128","pag_principal","es-ES","320x693","","None"
"2025-09-14 07:28:19","83.173.131.128","pag_principal","es-ES","320x693","","None"
"2025-09-13 23:04:52","31.13.115.116","pag_principal","en-US","2000x2000","https://www.facebook.com/","None"
"2025-09-13 23:04:27","31.13.115.4","pag_principal","en-US","2000x2000","https://www.facebook.com/","None"
"2025-09-12 23:15:44","3.89.222.248","pag_principal","en-US","800x600","","None"
"2025-09-12 23:02:14","66.249.66.12","pag_principal","en-US","412x732","","None"
"2025-09-12 10:32:32","40.77.179.177","pag_principal","en-US","800x600","","None"
"2025-09-12 07:09:20","85.115.193.7","pag_principal","en-US","800x600","","None"
"2025-09-11 22:12:00","51.159.102.240","pag_principal","en-US","800x600","","None"
"2025-09-11 22:06:45","51.159.103.12","pag_principal","en-US","800x600","","None"
"2025-09-11 18:08:50","91.107.198.104","pag_principal","en-US","1536x864","","None"
"2025-09-10 18:23:46","31.13.127.7","pag_principal","en-US","2000x2000","https://www.facebook.com/","None"
"2025-09-10 18:23:24","31.13.127.21","pag_principal","en-US","2000x2000","https://www.facebook.com/","None"
"2025-09-10 12:52:12","79.152.224.95","pag_principal","es-ES","393x873","https://www.google.com/","None"
"2025-09-09 18:20:53","66.249.66.12","pag_principal","en-US","412x732","","None"
"2025-09-09 15:56:28","202.8.41.171","pag_principal","en-US","800x600","","None"
"2025-09-09 15:20:53","66.249.66.13","pag_principal","en-US","412x732","","None"
"2025-09-09 02:17:39","77.111.247.233","contacte","es-ES","1366x768","","None"
"2025-09-09 02:16:41","77.111.247.233","pag_principal","es-ES","1366x768","","None"
"2025-09-09 02:16:32","77.111.247.233","contacte","es-ES","1366x768","","None"
"2025-09-08 23:07:28","205.169.39.29","pag_principal","en-US","800x600","","None"
"2025-09-08 09:01:21","139.47.125.150","pag_principal","es-ES","384x832","https://l.instagram.com/","None"
"2025-09-07 17:12:39","66.249.66.4","pag_principal","en-US","1024x1024","","None"
"2025-09-07 13:33:56","69.171.251.7","pag_principal","en-US","2000x2000","https://www.facebook.com/","None"
"2025-09-07 13:33:35","69.171.251.114","pag_principal","en-US","2000x2000","https://www.facebook.com/","None"
"2025-09-06 18:30:25","185.117.225.41","pag_principal","en-US","1080x1920","","None"
"2025-09-06 17:37:52","188.26.221.246","equip","es","1536x864","https://nescolam.com/ca","None"
"2025-09-06 17:37:33","188.26.221.246","enllac_extern","es","1536x864","https://nescolam.com/es","None"
"2025-09-06 17:37:33","188.26.221.246","pag_principal","es","1536x864","https://nescolam.com/ca","None"
"2025-09-06 17:36:30","188.26.221.246","pag_principal","es","1536x864","https://nescolam.com/es","None"
"2025-09-06 17:36:29","188.26.221.246","enllac_extern","es","1536x864","","None"
"2025-09-06 17:35:57","188.26.221.246","python","es","1536x864","","None"
"2025-09-06 17:35:51","188.26.221.246","apps","es","1536x864","","None"
"2025-09-06 17:35:44","188.26.221.246","biologia","es","1536x864","","None"
"2025-09-06 17:35:08","188.26.221.246","reforç","es","1536x864","","None"
"2025-09-06 17:35:07","188.26.221.246","reforç","es","1536x864","","None"
"2025-09-06 17:33:52","188.26.221.246","pag_principal","es","1536x864","","None"
"2025-09-05 12:55:12","157.90.242.46","pag_principal","en-US","1470x956","","None"
"2025-09-05 09:36:07","66.249.66.10","pag_principal","en-US","412x732","","None"
"2025-09-05 00:10:18","3.81.184.181","pag_principal","en-US","800x600","","None"
"2025-09-04 23:05:05","66.249.66.14","pag_principal","en-US","412x732","","None"
"2025-09-04 23:01:35","66.249.92.13","pag_principal","en-US","1366x1024","","None"
"2025-09-04 09:57:24","173.252.127.11","pag_principal","en-US","2000x2000","https://www.facebook.com/","None"
"2025-09-04 01:31:21","149.56.150.50","pag_principal","en-US","1920x1080","","None"
"2025-09-02 17:44:23","139.47.123.150","pag_principal","es-ES","360x640","https://www.google.com/","None"
"2025-09-02 17:38:52","139.47.123.150","pag_principal","es","360x640","","None"
"2025-09-02 14:50:46","139.47.123.150","pag_principal","es","360x640","","None"
"2025-09-02 12:07:35","195.76.183.18","pag_principal","es-ES","414x896","","None"
"2025-09-02 11:57:28","195.76.183.18","pag_principal","es-ES","414x896","","None"
"2025-09-02 11:42:41","79.116.166.80","pag_principal","ca","1600x900","","None"
"2025-09-01 17:54:04","91.107.193.67","pag_principal","en-US","1536x864","","None"
"2025-09-01 17:07:18","66.249.92.14","pag_principal","en-US","1366x1024","","None"
"2025-09-01 09:26:30","31.13.127.114","pag_principal","en-US","2000x2000","https://www.facebook.com/","None"
"2025-09-01 09:26:10","31.13.127.35","pag_principal","en-US","2000x2000","https://www.facebook.com/","None"
"2025-09-01 03:35:15","66.249.66.13","pag_principal","en-US","1024x1024","","None"
"2025-08-30 14:26:40","139.47.113.60","python","es-ES","1512x982","https://www.google.com/","None"
"2025-08-30 14:26:06","139.47.113.60","pag_principal","es-ES","1512x982","https://www.google.com/","None"
"2025-08-30 08:06:06","62.210.90.177","pag_principal","en-US","800x600","","None"
"2025-08-30 01:33:00","51.159.106.91","follow","en-US","1280x720","","None"
"2025-08-30 01:32:59","51.159.106.91","pag_principal","en-US","1280x720","","None"
"2025-08-29 08:05:33","46.222.46.63","pag_principal","en-US","393x873","","None"
"2025-08-29 06:17:49","151.115.89.135","pag_principal","en-US","800x600","","None"
"2025-08-28 19:24:28","69.171.251.6","pag_principal","en-US","2000x2000","https://www.facebook.com/","None"
"2025-08-28 07:37:50","82.59.165.115","pag_principal","es-ES","1536x864","","None"
"2025-08-28 05:20:33","66.249.92.6","pag_principal","en-US","1366x1024","","None"
"2025-08-27 14:45:15","79.112.37.120","contacte","ca","1440x810","","None"
"2025-08-27 14:40:57","79.112.37.120","castella","ca","1440x810","","None"
"2025-08-27 14:37:39","79.112.37.120","catala","ca","1440x810","","None"
"2025-08-27 14:35:07","79.112.37.120","reforç","ca","1440x810","","None"
"2025-08-27 14:34:50","79.112.37.120","matematiques","ca","1440x810","","None"
"2025-08-27 14:34:40","79.112.37.120","pag_principal","ca","1440x810","","None"
"2025-08-27 10:41:59","79.116.119.214","pag_principal","ca","1440x810","https://nescolam.com/ca","None"
"2025-08-27 10:41:59","79.116.119.214","contacte","ca","1440x810","https://nescolam.com/ca","None"
"2025-08-27 10:41:56","79.116.119.214","enllac_extern","ca","1440x810","","None"
"2025-08-27 10:41:41","79.116.119.214","pag_principal","ca","1440x810","","None"
"2025-08-27 10:41:41","79.116.119.214","contacte","ca","1440x810","","None"
"2025-08-27 04:42:09","185.184.201.46","pag_principal","en-US","800x600","","None"
"2025-08-27 04:28:08","185.184.201.251","pag_principal","en-US","800x600","","None"
"2025-08-27 02:43:16","66.249.66.15","pag_principal","en-US","1024x1024","","None"
"2025-08-26 22:32:13","51.159.103.13","pag_principal","en-US","800x600","","None"
"2025-08-26 20:11:05","79.117.213.212","pag_principal","es-ES","393x852","https://www.google.com/","None"
"2025-08-26 20:05:25","79.117.213.212","pag_principal","es-ES","393x852","https://www.google.com/","None"
"2025-08-26 19:59:06","47.61.190.61","amplia","es","360x800","https://www.google.com/","None"
"2025-08-26 19:59:04","47.61.190.61","equip","es","360x800","https://www.google.com/","None"
"2025-08-26 19:58:15","47.61.190.61","pag_principal","es","360x800","https://www.google.com/","None"
"2025-08-26 04:57:42","182.2.69.133","pag_principal","en-US","1920x1080","","None"
"2025-08-26 04:57:38","182.2.69.133","pag_principal","en-US","1920x1080","","None"
"2025-08-25 15:43:48","86.127.253.7","pag_principal","es-ES","1366x768","","None"
"2025-08-24 20:11:58","205.169.39.22","pag_principal","en-US","800x600","","None"
"2025-08-24 01:24:05","5.195.173.132","pag_principal","en-US","320x480","https://www.google.com/","None"
"2025-08-23 12:32:58","223.39.209.50","pag_principal","ko-KR","360x780","https://l.instagram.com/","None"
"2025-08-23 11:12:18","31.13.127.15","pag_principal","en-US","2000x2000","https://www.facebook.com/","None"
"2025-08-23 11:11:56","31.13.127.9","pag_principal","en-US","2000x2000","https://www.facebook.com/","None"
"2025-08-23 03:58:37","66.249.66.8","pag_principal","en-US","412x732","","None"
"2025-08-22 19:51:18","185.199.44.79","pag_principal","en-US","800x600","","None"
"2025-08-22 16:18:48","79.116.117.38","pag_principal","es-ES","1366x768","","None"
"2025-08-22 02:57:44","66.249.66.12","pag_principal","en-US","412x732","","None"
"2025-08-21 20:57:05","66.249.92.12","pag_principal","en-US","1366x1024","","None"
"2025-08-21 17:50:16","66.249.92.12","pag_principal","en-US","1366x1024","","None"
"2025-08-21 13:36:08","151.115.89.143","pag_principal","en-US","800x600","","None"
"2025-08-20 21:56:39","79.117.81.26","pag_principal","en-US","360x800","android-app://com.google.android.googlequicksearchbox/","None"
"2025-08-20 21:22:37","79.117.81.26","pag_principal","en-US","360x800","android-app://com.google.android.googlequicksearchbox/","None"
"2025-08-20 21:22:16","79.117.81.26","pag_principal","en-US","360x800","https://nescolam.com/en","None"
"2025-08-20 21:19:16","79.117.81.26","reforç","en-US","360x800","https://nescolam.com/en","None"
"2025-08-20 21:18:16","79.117.81.26","pag_principal","en-US","360x800","https://nescolam.com/en","None"
"2025-08-20 21:17:29","79.117.81.26","pag_principal","en-US","360x800","https://nescolam.com/en","None"
"2025-08-20 21:17:26","79.117.81.26","enllac_extern","en-US","360x800","android-app://com.google.android.googlequicksearchbox/","None"
"2025-08-20 09:47:30","79.117.88.7","pag_principal","ca","1440x810","","None"
"2025-08-20 08:00:50","185.128.53.88","pag_principal","en-US","800x600","","None"
"2025-08-20 05:14:58","69.160.160.50","pag_principal","en-US","1700x1000","","None"
"2025-08-20 04:17:36","18.224.14.23","pag_principal","en-US","1366x768","","None"
"2025-08-19 20:24:23","173.252.127.15","pag_principal","en-US","2000x2000","https://www.facebook.com/","None"
"2025-08-19 20:24:04","173.252.127.16","pag_principal","en-US","2000x2000","https://www.facebook.com/","None"
"2025-08-19 16:57:56","79.152.161.177","pag_principal","es-ES","1366x768","https://www.google.com/","None"
"2025-08-19 14:39:14","185.184.201.172","pag_principal","en-US","800x600","","None"
"2025-08-19 14:24:44","193.3.173.207","pag_principal","en-US","800x600","","None"
"2025-08-19 10:43:37","79.117.87.250","pag_principal","ca","1440x810","","None"
"2025-08-19 03:16:29","34.215.84.246","pag_principal","en-US","800x600","","None"
"2025-08-18 17:37:08","66.249.66.12","pag_principal","en-US","412x732","","None"
"2025-08-18 16:36:00","79.117.94.243","catala","ca","1440x810","","None"
"2025-08-18 16:35:54","79.117.94.243","pag_principal","ca","1440x810","","None"
"2025-08-18 16:35:46","79.117.94.243","pag_principal","ca","1440x810","","None"
"2025-08-18 16:34:20","79.117.94.243","pag_principal","ca","1440x810","","None"
"2025-08-17 18:58:38","79.117.94.243","pag_principal","ca","1600x900","","None"
"2025-08-07 21:45:09","62.45.64.250","pag_principal","ca","1600x900","","None"
"2025-08-07 19:06:06","62.45.64.250","cpp","ca","1600x900","","None"
"2025-08-07 19:05:51","62.45.64.250","pag_principal","ca","1600x900","","None"
"2025-08-06 22:40:51","86.89.238.75","pag_principal","en-US","384x854","https://duoda.nescolam.com/ca","None"
"2025-08-06 22:40:50","86.89.238.75","enllac_extern","en-US","384x854","","None"
"2025-08-06 22:40:45","86.89.238.75","pag_principal","en-US","384x854","","None"
"2025-08-06 22:21:21","31.13.127.15","pag_principal","en-US","2000x2000","https://www.facebook.com/","None"
"2025-08-06 22:21:04","86.89.238.75","pag_principal","en-US","384x854","","None"
"2025-08-06 22:20:59","31.13.127.9","pag_principal","en-US","2000x2000","https://www.facebook.com/","None"
"2025-08-06 21:56:04","86.89.238.75","pag_principal","en-US","384x854","","None"
"2025-08-06 21:17:51","62.45.64.250","pag_principal","ca","1600x900","https://duoda.nescolam.com/en","None"
"2025-08-06 21:17:49","62.45.64.250","enllac_extern","ca","1600x900","https://duoda.nescolam.com/es","None"
"2025-08-06 21:17:26","62.45.64.250","amplia","ca","1600x900","https://duoda.nescolam.com/es","None"
"2025-08-06 21:17:25","62.45.64.250","pag_principal","ca","1600x900","https://duoda.nescolam.com/es","None"
"2025-08-06 21:17:23","62.45.64.250","enllac_extern","ca","1600x900","https://duoda.nescolam.com/ca","None"
"2025-08-06 21:15:23","62.45.64.250","pag_principal","ca","1600x900","https://duoda.nescolam.com/ca","None"
"2025-08-06 21:14:03","62.45.64.250","amplia","ca","1600x900","https://duoda.nescolam.com/ca","None"
"2025-08-06 21:14:02","62.45.64.250","pag_principal","ca","1600x900","https://duoda.nescolam.com/ca","None"
"2025-08-06 21:14:00","62.45.64.250","enllac_extern","ca","1600x900","https://duoda.nescolam.com/en","None"
"2025-08-06 21:13:56","62.45.64.250","amplia","ca","1600x900","https://duoda.nescolam.com/en","None"
"2025-08-06 21:13:54","62.45.64.250","pag_principal","ca","1600x900","https://duoda.nescolam.com/en","None"
"2025-08-06 21:13:52","62.45.64.250","enllac_extern","ca","1600x900","https://duoda.nescolam.com/ca","None"
"2025-08-06 21:12:44","62.45.64.250","amplia","ca","1600x900","https://duoda.nescolam.com/ca","None"
"2025-08-06 21:09:43","62.45.64.250","probabilitat","ca","1600x900","https://duoda.nescolam.com/ca","None"
"2025-08-06 21:08:30","62.45.64.250","pag_principal","ca","1600x900","https://duoda.nescolam.com/ca","None"
"2025-08-06 21:04:52","79.117.98.248","catala","en-US","360x800","","None"
"2025-08-06 21:04:47","79.117.98.248","pag_principal","en-US","360x800","","None"
"2025-08-06 21:01:20","79.117.98.248","pag_principal","en-US","360x800","","None"
"2025-08-06 20:59:32","62.45.64.250","pag_principal","ca","1600x900","https://duoda.nescolam.com/ca","None"
"2025-08-06 20:52:53","62.45.64.250","pag_principal","ca","1600x900","","None"
"2025-08-06 20:52:53","62.45.64.250","enllac_extern","ca","1600x900","","None"
"2025-08-06 20:48:05","62.45.64.250","pag_principal","ca","1600x900","","None"
"2025-08-06 20:47:02","86.89.238.75","enllac_extern","en-US","384x854","https://duoda.nescolam.com/ca","None"
"2025-08-06 20:46:58","86.89.238.75","pag_principal","en-US","384x854","https://duoda.nescolam.com/ca","None"
"2025-08-06 20:46:57","86.89.238.75","enllac_extern","en-US","384x854","","None"
"2025-08-06 20:46:32","86.89.238.75","pag_principal","en-US","384x854","","None"
"2025-08-06 20:46:22","62.45.64.250","pag_principal","ca","1600x900","","None"
"2025-08-06 20:45:40","62.45.64.250","enllac_extern","ca","1600x900","","None"
"2025-08-06 20:44:51","62.45.64.250","pag_principal","ca","1600x900","","None"
"2025-08-06 20:44:11","62.45.64.250","pag_principal","ca","1600x900","","None"
"2025-08-06 20:43:58","62.45.64.250","pag_principal","ca","1600x900","","None"
"2025-08-06 20:41:54","62.45.64.250","pag_principal","ca","428x642","","None"
"2025-08-06 20:39:22","79.117.98.248","pag_principal","en-US","360x800","","None"
"2025-08-06 20:39:05","79.117.98.248","pag_principal","nl","360x800","android-app://com.google.android.googlequicksearchbox/","None"
"2025-08-06 20:38:27","62.45.64.250","pag_principal","ca","1600x900","","None"
"2025-08-06 20:11:31","62.45.64.250","pag_principal","ca","1600x900","","None"
"2025-08-06 20:09:19","62.45.64.250","pag_principal","ca","1600x900","","None"
"2025-08-06 20:06:26","62.45.64.250","pag_principal","ca","1600x900","","None"
"2025-08-06 20:02:17","62.45.64.250","pag_principal","ca","1600x900","","None"
"2025-08-06 20:01:43","62.45.64.250","pag_principal","ca","1600x900","","None"
"2025-08-06 19:56:27","62.45.64.250","historia","ca","1600x900","","None"
"2025-08-06 19:56:25","62.45.64.250","angles","ca","1600x900","","None"
"2025-08-06 19:56:18","62.45.64.250","estiu","ca","1600x900","","None"
"2025-08-06 19:56:10","62.45.64.250","pag_principal","ca","1600x900","","None"
"2025-08-06 19:56:04","62.45.64.250","pag_principal","ca","1600x900","","None"
